,SECUCODE,SECURITY_CODE,SECURITY_NAME_ABBR,ORG_CODE,REPORT_DATE,DATE_TYPE_CODE,FISCAL_YEAR,START_DATE,STD_ITEM_CODE,STD_ITEM_NAME,AMOUNT
0,01378.HK,01378,中国宏桥,10174782,2024-12-31 00:00:00,001,12-31,2024-01-01 00:00:00,004001001,营业额,156168720000.0
1,01378.HK,01378,中国宏桥,10174782,2024-12-31 00:00:00,001,12-31,2024-01-01 00:00:00,004001999,营运收入,156168720000.0
2,01378.HK,01378,中国宏桥,10174782,2024-12-31 00:00:00,001,12-31,2024-01-01 00:00:00,004005002,销售成本,114006028000.0
3,01378.HK,01378,中国宏桥,10174782,2024-12-31 00:00:00,001,12-31,2024-01-01 00:00:00,004007999,毛利,42162692000.0
4,01378.HK,01378,中国宏桥,10174782,2024-12-31 00:00:00,001,12-31,2024-01-01 00:00:00,004010001,其他收入,2984394000.0
5,01378.HK,01378,中国宏桥,10174782,2024-12-31 00:00:00,001,12-31,2024-01-01 00:00:00,004010003,销售及分销费用,661024000.0
6,01378.HK,01378,中国宏桥,10174782,2024-12-31 00:00:00,001,12-31,2024-01-01 00:00:00,004010004,行政开支,4992949000.0
7,01378.HK,01378,中国宏桥,10174782,2024-12-31 00:00:00,001,12-31,2024-01-01 00:00:00,004010006,重估盈余,-2192462000.0
8,01378.HK,01378,中国宏桥,10174782,2024-12-31 00:00:00,001,12-31,2024-01-01 00:00:00,004010012,其他支出,2898537000.0
9,01378.HK,01378,中国宏桥,10174782,2024-12-31 00:00:00,001,12-31,2024-01-01 00:00:00,004010999,经营溢利,34402114000.0
10,01378.HK,01378,中国宏桥,10174782,2024-12-31 00:00:00,001,12-31,2024-01-01 00:00:00,004011201,融资成本,3363259000.0
11,01378.HK,01378,中国宏桥,10174782,2024-12-31 00:00:00,001,12-31,2024-01-01 00:00:00,004011202,应占联营公司溢利,1758457000.0
12,01378.HK,01378,中国宏桥,10174782,2024-12-31 00:00:00,001,12-31,2024-01-01 00:00:00,004011999,除税前溢利,32797312000.0
13,01378.HK,01378,中国宏桥,10174782,2024-12-31 00:00:00,001,12-31,2024-01-01 00:00:00,004012001,税项,8251619000.0
14,01378.HK,01378,中国宏桥,10174782,2024-12-31 00:00:00,001,12-31,2024-01-01 00:00:00,004012002,持续经营业务税后利润,24545693000.0
15,01378.HK,01378,中国宏桥,10174782,2024-12-31 00:00:00,001,12-31,2024-01-01 00:00:00,004012999,除税后溢利,24545693000.0
16,01378.HK,01378,中国宏桥,10174782,2024-12-31 00:00:00,001,12-31,2024-01-01 00:00:00,004025001,少数股东损益,2173362000.0
17,01378.HK,01378,中国宏桥,10174782,2024-12-31 00:00:00,001,12-31,2024-01-01 00:00:00,004025002,股东应占溢利,22372331000.0
18,01378.HK,01378,中国宏桥,10174782,2024-12-31 00:00:00,001,12-31,2024-01-01 00:00:00,004027002,每股基本盈利,2.3611
19,01378.HK,01378,中国宏桥,10174782,2024-12-31 00:00:00,001,12-31,2024-01-01 00:00:00,004027003,每股摊薄盈利,2.3611
20,01378.HK,01378,中国宏桥,10174782,2024-12-31 00:00:00,001,12-31,2024-01-01 00:00:00,004030997,其他全面收益其他项目,-243204000.0
21,01378.HK,01378,中国宏桥,10174782,2024-12-31 00:00:00,001,12-31,2024-01-01 00:00:00,004030999,其他全面收益,-243204000.0
22,01378.HK,01378,中国宏桥,10174782,2024-12-31 00:00:00,001,12-31,2024-01-01 00:00:00,004039999,全面收益总额,24302489000.0
23,01378.HK,01378,中国宏桥,10174782,2024-12-31 00:00:00,001,12-31,2024-01-01 00:00:00,004040001,非控股权益应占全面收益总额,2228054000.0
24,01378.HK,01378,中国宏桥,10174782,2024-12-31 00:00:00,001,12-31,2024-01-01 00:00:00,004040002,本公司拥有人应占全面收益总额,22074435000.0
25,01378.HK,01378,中国宏桥,10174782,2024-12-31 00:00:00,001,12-31,2024-01-01 00:00:00,004099999,非运算项目,-114006028000.0
26,01378.HK,01378,中国宏桥,10174782,2023-12-31 00:00:00,001,12-31,2023-01-01 00:00:00,004001001,营业额,133623632000.0
27,01378.HK,01378,中国宏桥,10174782,2023-12-31 00:00:00,001,12-31,2023-01-01 00:00:00,004001999,营运收入,133623632000.0
28,01378.HK,01378,中国宏桥,10174782,2023-12-31 00:00:00,001,12-31,2023-01-01 00:00:00,004005002,销售成本,112669035000.0
29,01378.HK,01378,中国宏桥,10174782,2023-12-31 00:00:00,001,12-31,2023-01-01 00:00:00,004007999,毛利,20954597000.0
30,01378.HK,01378,中国宏桥,10174782,2023-12-31 00:00:00,001,12-31,2023-01-01 00:00:00,004010001,其他收入,3713038000.0
31,01378.HK,01378,中国宏桥,10174782,2023-12-31 00:00:00,001,12-31,2023-01-01 00:00:00,004010003,销售及分销费用,755274000.0
32,01378.HK,01378,中国宏桥,10174782,2023-12-31 00:00:00,001,12-31,2023-01-01 00:00:00,004010004,行政开支,4952875000.0
33,01378.HK,01378,中国宏桥,10174782,2023-12-31 00:00:00,001,12-31,2023-01-01 00:00:00,004010006,重估盈余,-49044000.0
34,01378.HK,01378,中国宏桥,10174782,2023-12-31 00:00:00,001,12-31,2023-01-01 00:00:00,004010012,其他支出,945299000.0
35,01378.HK,01378,中国宏桥,10174782,2023-12-31 00:00:00,001,12-31,2023-01-01 00:00:00,004010999,经营溢利,17965143000.0
36,01378.HK,01378,中国宏桥,10174782,2023-12-31 00:00:00,001,12-31,2023-01-01 00:00:00,004011201,融资成本,3267938000.0
37,01378.HK,01378,中国宏桥,10174782,2023-12-31 00:00:00,001,12-31,2023-01-01 00:00:00,004011202,应占联营公司溢利,1193259000.0
38,01378.HK,01378,中国宏桥,10174782,2023-12-31 00:00:00,001,12-31,2023-01-01 00:00:00,004011999,除税前溢利,15890464000.0
39,01378.HK,01378,中国宏桥,10174782,2023-12-31 00:00:00,001,12-31,2023-01-01 00:00:00,004012001,税项,3392712000.0
40,01378.HK,01378,中国宏桥,10174782,2023-12-31 00:00:00,001,12-31,2023-01-01 00:00:00,004012002,持续经营业务税后利润,12497752000.0
41,01378.HK,01378,中国宏桥,10174782,2023-12-31 00:00:00,001,12-31,2023-01-01 00:00:00,004012999,除税后溢利,12497752000.0
42,01378.HK,01378,中国宏桥,10174782,2023-12-31 00:00:00,001,12-31,2023-01-01 00:00:00,004025001,少数股东损益,1037074000.0
43,01378.HK,01378,中国宏桥,10174782,2023-12-31 00:00:00,001,12-31,2023-01-01 00:00:00,004025002,股东应占溢利,11460678000.0
44,01378.HK,01378,中国宏桥,10174782,2023-12-31 00:00:00,001,12-31,2023-01-01 00:00:00,004027002,每股基本盈利,1.2095
45,01378.HK,01378,中国宏桥,10174782,2023-12-31 00:00:00,001,12-31,2023-01-01 00:00:00,004027003,每股摊薄盈利,1.1952
46,01378.HK,01378,中国宏桥,10174782,2023-12-31 00:00:00,001,12-31,2023-01-01 00:00:00,004030997,其他全面收益其他项目,-9750000.0
47,01378.HK,01378,中国宏桥,10174782,2023-12-31 00:00:00,001,12-31,2023-01-01 00:00:00,004030999,其他全面收益,-9750000.0
48,01378.HK,01378,中国宏桥,10174782,2023-12-31 00:00:00,001,12-31,2023-01-01 00:00:00,004039999,全面收益总额,12488002000.0
49,01378.HK,01378,中国宏桥,10174782,2023-12-31 00:00:00,001,12-31,2023-01-01 00:00:00,004040001,非控股权益应占全面收益总额,1065412000.0
50,01378.HK,01378,中国宏桥,10174782,2023-12-31 00:00:00,001,12-31,2023-01-01 00:00:00,004040002,本公司拥有人应占全面收益总额,11422590000.0
51,01378.HK,01378,中国宏桥,10174782,2023-12-31 00:00:00,001,12-31,2023-01-01 00:00:00,004099999,非运算项目,-112669035000.0
52,01378.HK,01378,中国宏桥,10174782,2022-12-31 00:00:00,001,12-31,2022-01-01 00:00:00,004001001,营业额,131699427000.0
53,01378.HK,01378,中国宏桥,10174782,2022-12-31 00:00:00,001,12-31,2022-01-01 00:00:00,004001999,营运收入,131699427000.0
54,01378.HK,01378,中国宏桥,10174782,2022-12-31 00:00:00,001,12-31,2022-01-01 00:00:00,004005002,销售成本,113460127000.0
55,01378.HK,01378,中国宏桥,10174782,2022-12-31 00:00:00,001,12-31,2022-01-01 00:00:00,004007999,毛利,18239300000.0
56,01378.HK,01378,中国宏桥,10174782,2022-12-31 00:00:00,001,12-31,2022-01-01 00:00:00,004010001,其他收入,3928933000.0
57,01378.HK,01378,中国宏桥,10174782,2022-12-31 00:00:00,001,12-31,2022-01-01 00:00:00,004010003,销售及分销费用,597679000.0
58,01378.HK,01378,中国宏桥,10174782,2022-12-31 00:00:00,001,12-31,2022-01-01 00:00:00,004010004,行政开支,5933759000.0
59,01378.HK,01378,中国宏桥,10174782,2022-12-31 00:00:00,001,12-31,2022-01-01 00:00:00,004010006,重估盈余,-184981000.0
60,01378.HK,01378,中国宏桥,10174782,2022-12-31 00:00:00,001,12-31,2022-01-01 00:00:00,004010012,其他支出,329047000.0
61,01378.HK,01378,中国宏桥,10174782,2022-12-31 00:00:00,001,12-31,2022-01-01 00:00:00,004010999,经营溢利,15122767000.0
62,01378.HK,01378,中国宏桥,10174782,2022-12-31 00:00:00,001,12-31,2022-01-01 00:00:00,004011201,融资成本,3019544000.0
63,01378.HK,01378,中国宏桥,10174782,2022-12-31 00:00:00,001,12-31,2022-01-01 00:00:00,004011202,应占联营公司溢利,503335000.0
64,01378.HK,01378,中国宏桥,10174782,2022-12-31 00:00:00,001,12-31,2022-01-01 00:00:00,004011999,除税前溢利,12606558000.0
65,01378.HK,01378,中国宏桥,10174782,2022-12-31 00:00:00,001,12-31,2022-01-01 00:00:00,004012001,税项,2797583000.0
66,01378.HK,01378,中国宏桥,10174782,2022-12-31 00:00:00,001,12-31,2022-01-01 00:00:00,004012002,持续经营业务税后利润,9808975000.0
67,01378.HK,01378,中国宏桥,10174782,2022-12-31 00:00:00,001,12-31,2022-01-01 00:00:00,004012999,除税后溢利,9808975000.0
68,01378.HK,01378,中国宏桥,10174782,2022-12-31 00:00:00,001,12-31,2022-01-01 00:00:00,004025001,少数股东损益,1107022000.0
69,01378.HK,01378,中国宏桥,10174782,2022-12-31 00:00:00,001,12-31,2022-01-01 00:00:00,004025002,股东应占溢利,8701953000.0
70,01378.HK,01378,中国宏桥,10174782,2022-12-31 00:00:00,001,12-31,2022-01-01 00:00:00,004027002,每股基本盈利,0.9358
71,01378.HK,01378,中国宏桥,10174782,2022-12-31 00:00:00,001,12-31,2022-01-01 00:00:00,004027003,每股摊薄盈利,0.9358
72,01378.HK,01378,中国宏桥,10174782,2022-12-31 00:00:00,001,12-31,2022-01-01 00:00:00,004030997,其他全面收益其他项目,667548000.0
73,01378.HK,01378,中国宏桥,10174782,2022-12-31 00:00:00,001,12-31,2022-01-01 00:00:00,004030999,其他全面收益,667548000.0
74,01378.HK,01378,中国宏桥,10174782,2022-12-31 00:00:00,001,12-31,2022-01-01 00:00:00,004039999,全面收益总额,10476523000.0
75,01378.HK,01378,中国宏桥,10174782,2022-12-31 00:00:00,001,12-31,2022-01-01 00:00:00,004040001,非控股权益应占全面收益总额,1259138000.0
76,01378.HK,01378,中国宏桥,10174782,2022-12-31 00:00:00,001,12-31,2022-01-01 00:00:00,004040002,本公司拥有人应占全面收益总额,9217385000.0
77,01378.HK,01378,中国宏桥,10174782,2022-12-31 00:00:00,001,12-31,2022-01-01 00:00:00,004099999,非运算项目,-113460127000.0
78,01378.HK,01378,中国宏桥,10174782,2021-12-31 00:00:00,001,12-31,2021-01-01 00:00:00,004001001,营业额,114490941000.0
79,01378.HK,01378,中国宏桥,10174782,2021-12-31 00:00:00,001,12-31,2021-01-01 00:00:00,004001999,营运收入,114490941000.0
80,01378.HK,01378,中国宏桥,10174782,2021-12-31 00:00:00,001,12-31,2021-01-01 00:00:00,004005002,销售成本,84037845000.0
81,01378.HK,01378,中国宏桥,10174782,2021-12-31 00:00:00,001,12-31,2021-01-01 00:00:00,004007999,毛利,30453096000.0
82,01378.HK,01378,中国宏桥,10174782,2021-12-31 00:00:00,001,12-31,2021-01-01 00:00:00,004010001,其他收入,3706677000.0
83,01378.HK,01378,中国宏桥,10174782,2021-12-31 00:00:00,001,12-31,2021-01-01 00:00:00,004010003,销售及分销费用,525709000.0
84,01378.HK,01378,中国宏桥,10174782,2021-12-31 00:00:00,001,12-31,2021-01-01 00:00:00,004010004,行政开支,5708346000.0
85,01378.HK,01378,中国宏桥,10174782,2021-12-31 00:00:00,001,12-31,2021-01-01 00:00:00,004010006,重估盈余,-116806000.0
86,01378.HK,01378,中国宏桥,10174782,2021-12-31 00:00:00,001,12-31,2021-01-01 00:00:00,004010012,其他支出,1690523000.0
87,01378.HK,01378,中国宏桥,10174782,2021-12-31 00:00:00,001,12-31,2021-01-01 00:00:00,004010999,经营溢利,26118389000.0
88,01378.HK,01378,中国宏桥,10174782,2021-12-31 00:00:00,001,12-31,2021-01-01 00:00:00,004011201,融资成本,3625974000.0
89,01378.HK,01378,中国宏桥,10174782,2021-12-31 00:00:00,001,12-31,2021-01-01 00:00:00,004011202,应占联营公司溢利,61519000.0
90,01378.HK,01378,中国宏桥,10174782,2021-12-31 00:00:00,001,12-31,2021-01-01 00:00:00,004011999,除税前溢利,22553934000.0
91,01378.HK,01378,中国宏桥,10174782,2021-12-31 00:00:00,001,12-31,2021-01-01 00:00:00,004012001,税项,5705135000.0
92,01378.HK,01378,中国宏桥,10174782,2021-12-31 00:00:00,001,12-31,2021-01-01 00:00:00,004012002,持续经营业务税后利润,16848799000.0
93,01378.HK,01378,中国宏桥,10174782,2021-12-31 00:00:00,001,12-31,2021-01-01 00:00:00,004012999,除税后溢利,16848799000.0
94,01378.HK,01378,中国宏桥,10174782,2021-12-31 00:00:00,001,12-31,2021-01-01 00:00:00,004025001,少数股东损益,775457000.0
95,01378.HK,01378,中国宏桥,10174782,2021-12-31 00:00:00,001,12-31,2021-01-01 00:00:00,004025002,股东应占溢利,16073342000.0
96,01378.HK,01378,中国宏桥,10174782,2021-12-31 00:00:00,001,12-31,2021-01-01 00:00:00,004027002,每股基本盈利,1.772
97,01378.HK,01378,中国宏桥,10174782,2021-12-31 00:00:00,001,12-31,2021-01-01 00:00:00,004027003,每股摊薄盈利,1.7119
98,01378.HK,01378,中国宏桥,10174782,2021-12-31 00:00:00,001,12-31,2021-01-01 00:00:00,004030997,其他全面收益其他项目,-206455000.0
99,01378.HK,01378,中国宏桥,10174782,2021-12-31 00:00:00,001,12-31,2021-01-01 00:00:00,004030999,其他全面收益,-206455000.0
100,01378.HK,01378,中国宏桥,10174782,2021-12-31 00:00:00,001,12-31,2021-01-01 00:00:00,004039999,全面收益总额,16642344000.0
101,01378.HK,01378,中国宏桥,10174782,2021-12-31 00:00:00,001,12-31,2021-01-01 00:00:00,004040001,非控股权益应占全面收益总额,746278000.0
102,01378.HK,01378,中国宏桥,10174782,2021-12-31 00:00:00,001,12-31,2021-01-01 00:00:00,004040002,本公司拥有人应占全面收益总额,15896066000.0
103,01378.HK,01378,中国宏桥,10174782,2021-12-31 00:00:00,001,12-31,2021-01-01 00:00:00,004099999,非运算项目,-84037845000.0
104,01378.HK,01378,中国宏桥,10174782,2020-12-31 00:00:00,001,12-31,2020-01-01 00:00:00,004001001,营业额,86144641000.0
105,01378.HK,01378,中国宏桥,10174782,2020-12-31 00:00:00,001,12-31,2020-01-01 00:00:00,004001999,营运收入,86144641000.0
106,01378.HK,01378,中国宏桥,10174782,2020-12-31 00:00:00,001,12-31,2020-01-01 00:00:00,004005002,销售成本,66789453000.0
107,01378.HK,01378,中国宏桥,10174782,2020-12-31 00:00:00,001,12-31,2020-01-01 00:00:00,004007999,毛利,19355188000.0
108,01378.HK,01378,中国宏桥,10174782,2020-12-31 00:00:00,001,12-31,2020-01-01 00:00:00,004010001,其他收入,2700719000.0
109,01378.HK,01378,中国宏桥,10174782,2020-12-31 00:00:00,001,12-31,2020-01-01 00:00:00,004010003,销售及分销费用,399894000.0
110,01378.HK,01378,中国宏桥,10174782,2020-12-31 00:00:00,001,12-31,2020-01-01 00:00:00,004010004,行政开支,4052174000.0
111,01378.HK,01378,中国宏桥,10174782,2020-12-31 00:00:00,001,12-31,2020-01-01 00:00:00,004010006,重估盈余,-291255000.0
112,01378.HK,01378,中国宏桥,10174782,2020-12-31 00:00:00,001,12-31,2020-01-01 00:00:00,004010012,其他支出,616586000.0
113,01378.HK,01378,中国宏桥,10174782,2020-12-31 00:00:00,001,12-31,2020-01-01 00:00:00,004010999,经营溢利,16695998000.0
114,01378.HK,01378,中国宏桥,10174782,2020-12-31 00:00:00,001,12-31,2020-01-01 00:00:00,004011201,融资成本,4506236000.0
115,01378.HK,01378,中国宏桥,10174782,2020-12-31 00:00:00,001,12-31,2020-01-01 00:00:00,004011202,应占联营公司溢利,514588000.0
116,01378.HK,01378,中国宏桥,10174782,2020-12-31 00:00:00,001,12-31,2020-01-01 00:00:00,004011999,除税前溢利,12704350000.0
117,01378.HK,01378,中国宏桥,10174782,2020-12-31 00:00:00,001,12-31,2020-01-01 00:00:00,004012001,税项,2259599000.0
118,01378.HK,01378,中国宏桥,10174782,2020-12-31 00:00:00,001,12-31,2020-01-01 00:00:00,004012999,除税后溢利,10444751000.0
119,01378.HK,01378,中国宏桥,10174782,2020-12-31 00:00:00,001,12-31,2020-01-01 00:00:00,004025001,少数股东损益,-51185000.0
120,01378.HK,01378,中国宏桥,10174782,2020-12-31 00:00:00,001,12-31,2020-01-01 00:00:00,004025002,股东应占溢利,10495936000.0
121,01378.HK,01378,中国宏桥,10174782,2020-12-31 00:00:00,001,12-31,2020-01-01 00:00:00,004027002,每股基本盈利,1.221
122,01378.HK,01378,中国宏桥,10174782,2020-12-31 00:00:00,001,12-31,2020-01-01 00:00:00,004027003,每股摊薄盈利,1.221
123,01378.HK,01378,中国宏桥,10174782,2020-12-31 00:00:00,001,12-31,2020-01-01 00:00:00,004030997,其他全面收益其他项目,-419876000.0
124,01378.HK,01378,中国宏桥,10174782,2020-12-31 00:00:00,001,12-31,2020-01-01 00:00:00,004030999,其他全面收益,-419876000.0
125,01378.HK,01378,中国宏桥,10174782,2020-12-31 00:00:00,001,12-31,2020-01-01 00:00:00,004039999,全面收益总额,10024875000.0
126,01378.HK,01378,中国宏桥,10174782,2020-12-31 00:00:00,001,12-31,2020-01-01 00:00:00,004040001,非控股权益应占全面收益总额,-150187000.0
127,01378.HK,01378,中国宏桥,10174782,2020-12-31 00:00:00,001,12-31,2020-01-01 00:00:00,004040002,本公司拥有人应占全面收益总额,10175062000.0
128,01378.HK,01378,中国宏桥,10174782,2020-12-31 00:00:00,001,12-31,2020-01-01 00:00:00,004099999,非运算项目,20107047000.0
129,01378.HK,01378,中国宏桥,10174782,2019-12-31 00:00:00,001,12-31,2019-01-01 00:00:00,004001001,营业额,84179288000.0
130,01378.HK,01378,中国宏桥,10174782,2019-12-31 00:00:00,001,12-31,2019-01-01 00:00:00,004001999,营运收入,84179288000.0
131,01378.HK,01378,中国宏桥,10174782,2019-12-31 00:00:00,001,12-31,2019-01-01 00:00:00,004005002,销售成本,67715035000.0
132,01378.HK,01378,中国宏桥,10174782,2019-12-31 00:00:00,001,12-31,2019-01-01 00:00:00,004007999,毛利,16464253000.0
133,01378.HK,01378,中国宏桥,10174782,2019-12-31 00:00:00,001,12-31,2019-01-01 00:00:00,004010001,其他收入,3140517000.0
134,01378.HK,01378,中国宏桥,10174782,2019-12-31 00:00:00,001,12-31,2019-01-01 00:00:00,004010003,销售及分销费用,449041000.0
135,01378.HK,01378,中国宏桥,10174782,2019-12-31 00:00:00,001,12-31,2019-01-01 00:00:00,004010004,行政开支,3645691000.0
136,01378.HK,01378,中国宏桥,10174782,2019-12-31 00:00:00,001,12-31,2019-01-01 00:00:00,004010006,重估盈余,138077000.0
137,01378.HK,01378,中国宏桥,10174782,2019-12-31 00:00:00,001,12-31,2019-01-01 00:00:00,004010012,其他支出,2166798000.0
138,01378.HK,01378,中国宏桥,10174782,2019-12-31 00:00:00,001,12-31,2019-01-01 00:00:00,004010999,经营溢利,13481317000.0
139,01378.HK,01378,中国宏桥,10174782,2019-12-31 00:00:00,001,12-31,2019-01-01 00:00:00,004011201,融资成本,5219595000.0
140,01378.HK,01378,中国宏桥,10174782,2019-12-31 00:00:00,001,12-31,2019-01-01 00:00:00,004011202,应占联营公司溢利,509345000.0
141,01378.HK,01378,中国宏桥,10174782,2019-12-31 00:00:00,001,12-31,2019-01-01 00:00:00,004011999,除税前溢利,8771067000.0
142,01378.HK,01378,中国宏桥,10174782,2019-12-31 00:00:00,001,12-31,2019-01-01 00:00:00,004012001,税项,2315924000.0
143,01378.HK,01378,中国宏桥,10174782,2019-12-31 00:00:00,001,12-31,2019-01-01 00:00:00,004012999,除税后溢利,6455143000.0
144,01378.HK,01378,中国宏桥,10174782,2019-12-31 00:00:00,001,12-31,2019-01-01 00:00:00,004025001,少数股东损益,359808000.0
145,01378.HK,01378,中国宏桥,10174782,2019-12-31 00:00:00,001,12-31,2019-01-01 00:00:00,004025002,股东应占溢利,6095335000.0
146,01378.HK,01378,中国宏桥,10174782,2019-12-31 00:00:00,001,12-31,2019-01-01 00:00:00,004027002,每股基本盈利,0.7087
147,01378.HK,01378,中国宏桥,10174782,2019-12-31 00:00:00,001,12-31,2019-01-01 00:00:00,004027003,每股摊薄盈利,0.6979
148,01378.HK,01378,中国宏桥,10174782,2019-12-31 00:00:00,001,12-31,2019-01-01 00:00:00,004030997,其他全面收益其他项目,-546897000.0
149,01378.HK,01378,中国宏桥,10174782,2019-12-31 00:00:00,001,12-31,2019-01-01 00:00:00,004030999,其他全面收益,-546897000.0
150,01378.HK,01378,中国宏桥,10174782,2019-12-31 00:00:00,001,12-31,2019-01-01 00:00:00,004039999,全面收益总额,5908246000.0
151,01378.HK,01378,中国宏桥,10174782,2019-12-31 00:00:00,001,12-31,2019-01-01 00:00:00,004040001,非控股权益应占全面收益总额,382382000.0
152,01378.HK,01378,中国宏桥,10174782,2019-12-31 00:00:00,001,12-31,2019-01-01 00:00:00,004040002,本公司拥有人应占全面收益总额,5525864000.0
153,01378.HK,01378,中国宏桥,10174782,2019-12-31 00:00:00,001,12-31,2019-01-01 00:00:00,004099999,非运算项目,71934000.0
154,01378.HK,01378,中国宏桥,10174782,2018-12-31 00:00:00,001,12-31,2018-01-01 00:00:00,004001001,营业额,90194924000.0
155,01378.HK,01378,中国宏桥,10174782,2018-12-31 00:00:00,001,12-31,2018-01-01 00:00:00,004001999,营运收入,90194924000.0
156,01378.HK,01378,中国宏桥,10174782,2018-12-31 00:00:00,001,12-31,2018-01-01 00:00:00,004005002,销售成本,74794362000.0
157,01378.HK,01378,中国宏桥,10174782,2018-12-31 00:00:00,001,12-31,2018-01-01 00:00:00,004007999,毛利,15400562000.0
158,01378.HK,01378,中国宏桥,10174782,2018-12-31 00:00:00,001,12-31,2018-01-01 00:00:00,004010001,其他收入,2135396000.0
159,01378.HK,01378,中国宏桥,10174782,2018-12-31 00:00:00,001,12-31,2018-01-01 00:00:00,004010003,销售及分销费用,371206000.0
160,01378.HK,01378,中国宏桥,10174782,2018-12-31 00:00:00,001,12-31,2018-01-01 00:00:00,004010004,行政开支,3867211000.0
161,01378.HK,01378,中国宏桥,10174782,2018-12-31 00:00:00,001,12-31,2018-01-01 00:00:00,004010006,重估盈余,397683000.0
162,01378.HK,01378,中国宏桥,10174782,2018-12-31 00:00:00,001,12-31,2018-01-01 00:00:00,004010007,出售资产之溢利,-648772000.0
163,01378.HK,01378,中国宏桥,10174782,2018-12-31 00:00:00,001,12-31,2018-01-01 00:00:00,004010012,其他支出,706916000.0
164,01378.HK,01378,中国宏桥,10174782,2018-12-31 00:00:00,001,12-31,2018-01-01 00:00:00,004010999,经营溢利,12339536000.0
165,01378.HK,01378,中国宏桥,10174782,2018-12-31 00:00:00,001,12-31,2018-01-01 00:00:00,004011201,融资成本,4433389000.0
166,01378.HK,01378,中国宏桥,10174782,2018-12-31 00:00:00,001,12-31,2018-01-01 00:00:00,004011202,应占联营公司溢利,429545000.0
167,01378.HK,01378,中国宏桥,10174782,2018-12-31 00:00:00,001,12-31,2018-01-01 00:00:00,004011999,除税前溢利,8335692000.0
168,01378.HK,01378,中国宏桥,10174782,2018-12-31 00:00:00,001,12-31,2018-01-01 00:00:00,004012001,税项,2549440000.0
169,01378.HK,01378,中国宏桥,10174782,2018-12-31 00:00:00,001,12-31,2018-01-01 00:00:00,004012999,除税后溢利,5786252000.0
170,01378.HK,01378,中国宏桥,10174782,2018-12-31 00:00:00,001,12-31,2018-01-01 00:00:00,004025001,少数股东损益,378830000.0
171,01378.HK,01378,中国宏桥,10174782,2018-12-31 00:00:00,001,12-31,2018-01-01 00:00:00,004025002,股东应占溢利,5407422000.0
172,01378.HK,01378,中国宏桥,10174782,2018-12-31 00:00:00,001,12-31,2018-01-01 00:00:00,004027002,每股基本盈利,0.6218
173,01378.HK,01378,中国宏桥,10174782,2018-12-31 00:00:00,001,12-31,2018-01-01 00:00:00,004027003,每股摊薄盈利,0.5936
174,01378.HK,01378,中国宏桥,10174782,2018-12-31 00:00:00,001,12-31,2018-01-01 00:00:00,004030997,其他全面收益其他项目,154680000.0
175,01378.HK,01378,中国宏桥,10174782,2018-12-31 00:00:00,001,12-31,2018-01-01 00:00:00,004030999,其他全面收益,154680000.0
176,01378.HK,01378,中国宏桥,10174782,2018-12-31 00:00:00,001,12-31,2018-01-01 00:00:00,004039999,全面收益总额,5940932000.0
177,01378.HK,01378,中国宏桥,10174782,2018-12-31 00:00:00,001,12-31,2018-01-01 00:00:00,004040001,非控股权益应占全面收益总额,436285000.0
178,01378.HK,01378,中国宏桥,10174782,2018-12-31 00:00:00,001,12-31,2018-01-01 00:00:00,004040002,本公司拥有人应占全面收益总额,5504647000.0
179,01378.HK,01378,中国宏桥,10174782,2017-12-31 00:00:00,001,12-31,2017-01-01 00:00:00,004001001,营业额,97941916000.0
180,01378.HK,01378,中国宏桥,10174782,2017-12-31 00:00:00,001,12-31,2017-01-01 00:00:00,004001999,营运收入,97941916000.0
181,01378.HK,01378,中国宏桥,10174782,2017-12-31 00:00:00,001,12-31,2017-01-01 00:00:00,004005002,销售成本,81561674000.0
182,01378.HK,01378,中国宏桥,10174782,2017-12-31 00:00:00,001,12-31,2017-01-01 00:00:00,004007999,毛利,16380242000.0
183,01378.HK,01378,中国宏桥,10174782,2017-12-31 00:00:00,001,12-31,2017-01-01 00:00:00,004010001,其他收入,2497598000.0
184,01378.HK,01378,中国宏桥,10174782,2017-12-31 00:00:00,001,12-31,2017-01-01 00:00:00,004010003,销售及分销费用,270215000.0
185,01378.HK,01378,中国宏桥,10174782,2017-12-31 00:00:00,001,12-31,2017-01-01 00:00:00,004010004,行政开支,2083209000.0
186,01378.HK,01378,中国宏桥,10174782,2017-12-31 00:00:00,001,12-31,2017-01-01 00:00:00,004010012,其他支出,5678876000.0
187,01378.HK,01378,中国宏桥,10174782,2017-12-31 00:00:00,001,12-31,2017-01-01 00:00:00,004010999,经营溢利,10845540000.0
188,01378.HK,01378,中国宏桥,10174782,2017-12-31 00:00:00,001,12-31,2017-01-01 00:00:00,004011201,融资成本,4080942000.0
189,01378.HK,01378,中国宏桥,10174782,2017-12-31 00:00:00,001,12-31,2017-01-01 00:00:00,004011202,应占联营公司溢利,371989000.0
190,01378.HK,01378,中国宏桥,10174782,2017-12-31 00:00:00,001,12-31,2017-01-01 00:00:00,004011997,溢利其他项目,-19897000.0
191,01378.HK,01378,中国宏桥,10174782,2017-12-31 00:00:00,001,12-31,2017-01-01 00:00:00,004011999,除税前溢利,7116690000.0
192,01378.HK,01378,中国宏桥,10174782,2017-12-31 00:00:00,001,12-31,2017-01-01 00:00:00,004012001,税项,1788953000.0
193,01378.HK,01378,中国宏桥,10174782,2017-12-31 00:00:00,001,12-31,2017-01-01 00:00:00,004012999,除税后溢利,5327737000.0
194,01378.HK,01378,中国宏桥,10174782,2017-12-31 00:00:00,001,12-31,2017-01-01 00:00:00,004025001,少数股东损益,197673000.0
195,01378.HK,01378,中国宏桥,10174782,2017-12-31 00:00:00,001,12-31,2017-01-01 00:00:00,004025002,股东应占溢利,5130064000.0
196,01378.HK,01378,中国宏桥,10174782,2017-12-31 00:00:00,001,12-31,2017-01-01 00:00:00,004027002,每股基本盈利,0.6986
197,01378.HK,01378,中国宏桥,10174782,2017-12-31 00:00:00,001,12-31,2017-01-01 00:00:00,004027003,每股摊薄盈利,0.6952
198,01378.HK,01378,中国宏桥,10174782,2017-12-31 00:00:00,001,12-31,2017-01-01 00:00:00,004030997,其他全面收益其他项目,-141319000.0
199,01378.HK,01378,中国宏桥,10174782,2017-12-31 00:00:00,001,12-31,2017-01-01 00:00:00,004030999,其他全面收益,-141319000.0
200,01378.HK,01378,中国宏桥,10174782,2017-12-31 00:00:00,001,12-31,2017-01-01 00:00:00,004039999,全面收益总额,5186418000.0
201,01378.HK,01378,中国宏桥,10174782,2017-12-31 00:00:00,001,12-31,2017-01-01 00:00:00,004040001,非控股权益应占全面收益总额,142303000.0
202,01378.HK,01378,中国宏桥,10174782,2017-12-31 00:00:00,001,12-31,2017-01-01 00:00:00,004040002,本公司拥有人应占全面收益总额,5044115000.0
203,01378.HK,01378,中国宏桥,10174782,2016-12-31 00:00:00,001,12-31,2016-01-01 00:00:00,004001001,营业额,61395578000.0
204,01378.HK,01378,中国宏桥,10174782,2016-12-31 00:00:00,001,12-31,2016-01-01 00:00:00,004001999,营运收入,61395578000.0
205,01378.HK,01378,中国宏桥,10174782,2016-12-31 00:00:00,001,12-31,2016-01-01 00:00:00,004005002,销售成本,47199245000.0
206,01378.HK,01378,中国宏桥,10174782,2016-12-31 00:00:00,001,12-31,2016-01-01 00:00:00,004007999,毛利,14196333000.0
207,01378.HK,01378,中国宏桥,10174782,2016-12-31 00:00:00,001,12-31,2016-01-01 00:00:00,004010001,其他收入,1019222000.0
208,01378.HK,01378,中国宏桥,10174782,2016-12-31 00:00:00,001,12-31,2016-01-01 00:00:00,004010003,销售及分销费用,164269000.0
209,01378.HK,01378,中国宏桥,10174782,2016-12-31 00:00:00,001,12-31,2016-01-01 00:00:00,004010004,行政开支,2080550000.0
210,01378.HK,01378,中国宏桥,10174782,2016-12-31 00:00:00,001,12-31,2016-01-01 00:00:00,004010006,重估盈余,25987000.0
211,01378.HK,01378,中国宏桥,10174782,2016-12-31 00:00:00,001,12-31,2016-01-01 00:00:00,004010007,出售资产之溢利,4561000.0
212,01378.HK,01378,中国宏桥,10174782,2016-12-31 00:00:00,001,12-31,2016-01-01 00:00:00,004010012,其他支出,20063000.0
213,01378.HK,01378,中国宏桥,10174782,2016-12-31 00:00:00,001,12-31,2016-01-01 00:00:00,004010999,经营溢利,12981221000.0
214,01378.HK,01378,中国宏桥,10174782,2016-12-31 00:00:00,001,12-31,2016-01-01 00:00:00,004011201,融资成本,3345896000.0
215,01378.HK,01378,中国宏桥,10174782,2016-12-31 00:00:00,001,12-31,2016-01-01 00:00:00,004011202,应占联营公司溢利,129012000.0
216,01378.HK,01378,中国宏桥,10174782,2016-12-31 00:00:00,001,12-31,2016-01-01 00:00:00,004011999,除税前溢利,9764337000.0
217,01378.HK,01378,中国宏桥,10174782,2016-12-31 00:00:00,001,12-31,2016-01-01 00:00:00,004012001,税项,2948667000.0
218,01378.HK,01378,中国宏桥,10174782,2016-12-31 00:00:00,001,12-31,2016-01-01 00:00:00,004012999,除税后溢利,6815670000.0
219,01378.HK,01378,中国宏桥,10174782,2016-12-31 00:00:00,001,12-31,2016-01-01 00:00:00,004025001,少数股东损益,-34159000.0
220,01378.HK,01378,中国宏桥,10174782,2016-12-31 00:00:00,001,12-31,2016-01-01 00:00:00,004025002,股东应占溢利,6849829000.0
221,01378.HK,01378,中国宏桥,10174782,2016-12-31 00:00:00,001,12-31,2016-01-01 00:00:00,004027002,每股基本盈利,0.96
222,01378.HK,01378,中国宏桥,10174782,2016-12-31 00:00:00,001,12-31,2016-01-01 00:00:00,004027003,每股摊薄盈利,0.96
223,01378.HK,01378,中国宏桥,10174782,2016-12-31 00:00:00,001,12-31,2016-01-01 00:00:00,004030997,其他全面收益其他项目,151695000.0
224,01378.HK,01378,中国宏桥,10174782,2016-12-31 00:00:00,001,12-31,2016-01-01 00:00:00,004030999,其他全面收益,151695000.0
225,01378.HK,01378,中国宏桥,10174782,2016-12-31 00:00:00,001,12-31,2016-01-01 00:00:00,004039999,全面收益总额,6967365000.0
226,01378.HK,01378,中国宏桥,10174782,2016-12-31 00:00:00,001,12-31,2016-01-01 00:00:00,004040001,非控股权益应占全面收益总额,22098000.0
227,01378.HK,01378,中国宏桥,10174782,2016-12-31 00:00:00,001,12-31,2016-01-01 00:00:00,004040002,本公司拥有人应占全面收益总额,6945267000.0
228,01378.HK,01378,中国宏桥,10174782,2015-12-31 00:00:00,001,12-31,2015-01-01 00:00:00,004001001,营业额,44109934000.0
229,01378.HK,01378,中国宏桥,10174782,2015-12-31 00:00:00,001,12-31,2015-01-01 00:00:00,004001999,营运收入,44109934000.0
230,01378.HK,01378,中国宏桥,10174782,2015-12-31 00:00:00,001,12-31,2015-01-01 00:00:00,004005002,销售成本,35081530000.0
231,01378.HK,01378,中国宏桥,10174782,2015-12-31 00:00:00,001,12-31,2015-01-01 00:00:00,004007999,毛利,9028404000.0
232,01378.HK,01378,中国宏桥,10174782,2015-12-31 00:00:00,001,12-31,2015-01-01 00:00:00,004010001,其他收入,744676000.0
233,01378.HK,01378,中国宏桥,10174782,2015-12-31 00:00:00,001,12-31,2015-01-01 00:00:00,004010003,销售及分销费用,88449000.0
234,01378.HK,01378,中国宏桥,10174782,2015-12-31 00:00:00,001,12-31,2015-01-01 00:00:00,004010004,行政开支,878696000.0
235,01378.HK,01378,中国宏桥,10174782,2015-12-31 00:00:00,001,12-31,2015-01-01 00:00:00,004010006,重估盈余,-209932000.0
236,01378.HK,01378,中国宏桥,10174782,2015-12-31 00:00:00,001,12-31,2015-01-01 00:00:00,004010012,其他支出,42670000.0
237,01378.HK,01378,中国宏桥,10174782,2015-12-31 00:00:00,001,12-31,2015-01-01 00:00:00,004010999,经营溢利,8553333000.0
238,01378.HK,01378,中国宏桥,10174782,2015-12-31 00:00:00,001,12-31,2015-01-01 00:00:00,004011201,融资成本,3217096000.0
239,01378.HK,01378,中国宏桥,10174782,2015-12-31 00:00:00,001,12-31,2015-01-01 00:00:00,004011202,应占联营公司溢利,-284000.0
240,01378.HK,01378,中国宏桥,10174782,2015-12-31 00:00:00,001,12-31,2015-01-01 00:00:00,004011999,除税前溢利,5335953000.0
241,01378.HK,01378,中国宏桥,10174782,2015-12-31 00:00:00,001,12-31,2015-01-01 00:00:00,004012001,税项,1657994000.0
242,01378.HK,01378,中国宏桥,10174782,2015-12-31 00:00:00,001,12-31,2015-01-01 00:00:00,004012999,除税后溢利,3677959000.0
243,01378.HK,01378,中国宏桥,10174782,2015-12-31 00:00:00,001,12-31,2015-01-01 00:00:00,004025001,少数股东损益,-28553000.0
244,01378.HK,01378,中国宏桥,10174782,2015-12-31 00:00:00,001,12-31,2015-01-01 00:00:00,004025002,股东应占溢利,3706512000.0
245,01378.HK,01378,中国宏桥,10174782,2015-12-31 00:00:00,001,12-31,2015-01-01 00:00:00,004027002,每股基本盈利,0.59
246,01378.HK,01378,中国宏桥,10174782,2015-12-31 00:00:00,001,12-31,2015-01-01 00:00:00,004027003,每股摊薄盈利,0.59
247,01378.HK,01378,中国宏桥,10174782,2015-12-31 00:00:00,001,12-31,2015-01-01 00:00:00,004030997,其他全面收益其他项目,63700000.0
248,01378.HK,01378,中国宏桥,10174782,2015-12-31 00:00:00,001,12-31,2015-01-01 00:00:00,004030999,其他全面收益,63700000.0
249,01378.HK,01378,中国宏桥,10174782,2015-12-31 00:00:00,001,12-31,2015-01-01 00:00:00,004039999,全面收益总额,3741659000.0
250,01378.HK,01378,中国宏桥,10174782,2015-12-31 00:00:00,001,12-31,2015-01-01 00:00:00,004040001,非控股权益应占全面收益总额,-3072000.0
251,01378.HK,01378,中国宏桥,10174782,2015-12-31 00:00:00,001,12-31,2015-01-01 00:00:00,004040002,本公司拥有人应占全面收益总额,3744731000.0
252,01378.HK,01378,中国宏桥,10174782,2014-12-31 00:00:00,001,12-31,2014-01-01 00:00:00,004001001,营业额,36085800000.0
253,01378.HK,01378,中国宏桥,10174782,2014-12-31 00:00:00,001,12-31,2014-01-01 00:00:00,004001999,营运收入,36085800000.0
254,01378.HK,01378,中国宏桥,10174782,2014-12-31 00:00:00,001,12-31,2014-01-01 00:00:00,004005002,销售成本,26789332000.0
255,01378.HK,01378,中国宏桥,10174782,2014-12-31 00:00:00,001,12-31,2014-01-01 00:00:00,004007999,毛利,9296468000.0
256,01378.HK,01378,中国宏桥,10174782,2014-12-31 00:00:00,001,12-31,2014-01-01 00:00:00,004010001,其他收入,739020000.0
257,01378.HK,01378,中国宏桥,10174782,2014-12-31 00:00:00,001,12-31,2014-01-01 00:00:00,004010003,销售及分销费用,94520000.0
258,01378.HK,01378,中国宏桥,10174782,2014-12-31 00:00:00,001,12-31,2014-01-01 00:00:00,004010004,行政开支,610884000.0
259,01378.HK,01378,中国宏桥,10174782,2014-12-31 00:00:00,001,12-31,2014-01-01 00:00:00,004010006,重估盈余,-17034000.0
260,01378.HK,01378,中国宏桥,10174782,2014-12-31 00:00:00,001,12-31,2014-01-01 00:00:00,004010012,其他支出,79940000.0
261,01378.HK,01378,中国宏桥,10174782,2014-12-31 00:00:00,001,12-31,2014-01-01 00:00:00,004010999,经营溢利,9233110000.0
262,01378.HK,01378,中国宏桥,10174782,2014-12-31 00:00:00,001,12-31,2014-01-01 00:00:00,004011201,融资成本,1905377000.0
263,01378.HK,01378,中国宏桥,10174782,2014-12-31 00:00:00,001,12-31,2014-01-01 00:00:00,004011999,除税前溢利,7327733000.0
264,01378.HK,01378,中国宏桥,10174782,2014-12-31 00:00:00,001,12-31,2014-01-01 00:00:00,004012001,税项,2026366000.0
265,01378.HK,01378,中国宏桥,10174782,2014-12-31 00:00:00,001,12-31,2014-01-01 00:00:00,004012999,除税后溢利,5301367000.0
266,01378.HK,01378,中国宏桥,10174782,2014-12-31 00:00:00,001,12-31,2014-01-01 00:00:00,004025001,少数股东损益,-12265000.0
267,01378.HK,01378,中国宏桥,10174782,2014-12-31 00:00:00,001,12-31,2014-01-01 00:00:00,004025002,股东应占溢利,5313632000.0
268,01378.HK,01378,中国宏桥,10174782,2014-12-31 00:00:00,001,12-31,2014-01-01 00:00:00,004027002,每股基本盈利,0.89
269,01378.HK,01378,中国宏桥,10174782,2014-12-31 00:00:00,001,12-31,2014-01-01 00:00:00,004027003,每股摊薄盈利,0.88
270,01378.HK,01378,中国宏桥,10174782,2014-12-31 00:00:00,001,12-31,2014-01-01 00:00:00,004030997,其他全面收益其他项目,40681000.0
271,01378.HK,01378,中国宏桥,10174782,2014-12-31 00:00:00,001,12-31,2014-01-01 00:00:00,004030999,其他全面收益,40681000.0
272,01378.HK,01378,中国宏桥,10174782,2014-12-31 00:00:00,001,12-31,2014-01-01 00:00:00,004039999,全面收益总额,5342048000.0
273,01378.HK,01378,中国宏桥,10174782,2014-12-31 00:00:00,001,12-31,2014-01-01 00:00:00,004040001,非控股权益应占全面收益总额,4007000.0
274,01378.HK,01378,中国宏桥,10174782,2014-12-31 00:00:00,001,12-31,2014-01-01 00:00:00,004040002,本公司拥有人应占全面收益总额,5338041000.0
275,01378.HK,01378,中国宏桥,10174782,2013-12-31 00:00:00,001,12-31,2013-01-01 00:00:00,004001001,营业额,29404462000.0
276,01378.HK,01378,中国宏桥,10174782,2013-12-31 00:00:00,001,12-31,2013-01-01 00:00:00,004001999,营运收入,29404462000.0
277,01378.HK,01378,中国宏桥,10174782,2013-12-31 00:00:00,001,12-31,2013-01-01 00:00:00,004005002,销售成本,21261660000.0
278,01378.HK,01378,中国宏桥,10174782,2013-12-31 00:00:00,001,12-31,2013-01-01 00:00:00,004007999,毛利,8142802000.0
279,01378.HK,01378,中国宏桥,10174782,2013-12-31 00:00:00,001,12-31,2013-01-01 00:00:00,004010001,其他收入,988158000.0
280,01378.HK,01378,中国宏桥,10174782,2013-12-31 00:00:00,001,12-31,2013-01-01 00:00:00,004010003,销售及分销费用,60128000.0
281,01378.HK,01378,中国宏桥,10174782,2013-12-31 00:00:00,001,12-31,2013-01-01 00:00:00,004010004,行政开支,440171000.0
282,01378.HK,01378,中国宏桥,10174782,2013-12-31 00:00:00,001,12-31,2013-01-01 00:00:00,004010006,重估盈余,163596000.0
283,01378.HK,01378,中国宏桥,10174782,2013-12-31 00:00:00,001,12-31,2013-01-01 00:00:00,004010012,其他支出,55662000.0
284,01378.HK,01378,中国宏桥,10174782,2013-12-31 00:00:00,001,12-31,2013-01-01 00:00:00,004010999,经营溢利,8738595000.0
285,01378.HK,01378,中国宏桥,10174782,2013-12-31 00:00:00,001,12-31,2013-01-01 00:00:00,004011201,融资成本,1359200000.0
286,01378.HK,01378,中国宏桥,10174782,2013-12-31 00:00:00,001,12-31,2013-01-01 00:00:00,004011999,除税前溢利,7379395000.0
287,01378.HK,01378,中国宏桥,10174782,2013-12-31 00:00:00,001,12-31,2013-01-01 00:00:00,004012001,税项,1792946000.0
288,01378.HK,01378,中国宏桥,10174782,2013-12-31 00:00:00,001,12-31,2013-01-01 00:00:00,004012999,除税后溢利,5586449000.0
289,01378.HK,01378,中国宏桥,10174782,2013-12-31 00:00:00,001,12-31,2013-01-01 00:00:00,004025001,少数股东损益,-6226000.0
290,01378.HK,01378,中国宏桥,10174782,2013-12-31 00:00:00,001,12-31,2013-01-01 00:00:00,004025002,股东应占溢利,5592675000.0
291,01378.HK,01378,中国宏桥,10174782,2013-12-31 00:00:00,001,12-31,2013-01-01 00:00:00,004027002,每股基本盈利,0.95
292,01378.HK,01378,中国宏桥,10174782,2013-12-31 00:00:00,001,12-31,2013-01-01 00:00:00,004027003,每股摊薄盈利,0.91
293,01378.HK,01378,中国宏桥,10174782,2013-12-31 00:00:00,001,12-31,2013-01-01 00:00:00,004030997,其他全面收益其他项目,-22689000.0
294,01378.HK,01378,中国宏桥,10174782,2013-12-31 00:00:00,001,12-31,2013-01-01 00:00:00,004030999,其他全面收益,-22689000.0
295,01378.HK,01378,中国宏桥,10174782,2013-12-31 00:00:00,001,12-31,2013-01-01 00:00:00,004039999,全面收益总额,5563760000.0
296,01378.HK,01378,中国宏桥,10174782,2013-12-31 00:00:00,001,12-31,2013-01-01 00:00:00,004040001,非控股权益应占全面收益总额,-15302000.0
297,01378.HK,01378,中国宏桥,10174782,2013-12-31 00:00:00,001,12-31,2013-01-01 00:00:00,004040002,本公司拥有人应占全面收益总额,5579062000.0
298,01378.HK,01378,中国宏桥,10174782,2012-12-31 00:00:00,001,12-31,2012-01-01 00:00:00,004001001,营业额,24804742000.0
299,01378.HK,01378,中国宏桥,10174782,2012-12-31 00:00:00,001,12-31,2012-01-01 00:00:00,004001999,营运收入,24804742000.0
300,01378.HK,01378,中国宏桥,10174782,2012-12-31 00:00:00,001,12-31,2012-01-01 00:00:00,004005002,销售成本,16801294000.0
301,01378.HK,01378,中国宏桥,10174782,2012-12-31 00:00:00,001,12-31,2012-01-01 00:00:00,004007999,毛利,8003448000.0
302,01378.HK,01378,中国宏桥,10174782,2012-12-31 00:00:00,001,12-31,2012-01-01 00:00:00,004010001,其他收入,422439000.0
303,01378.HK,01378,中国宏桥,10174782,2012-12-31 00:00:00,001,12-31,2012-01-01 00:00:00,004010003,销售及分销费用,58667000.0
304,01378.HK,01378,中国宏桥,10174782,2012-12-31 00:00:00,001,12-31,2012-01-01 00:00:00,004010004,行政开支,306068000.0
305,01378.HK,01378,中国宏桥,10174782,2012-12-31 00:00:00,001,12-31,2012-01-01 00:00:00,004010006,重估盈余,2253000.0
306,01378.HK,01378,中国宏桥,10174782,2012-12-31 00:00:00,001,12-31,2012-01-01 00:00:00,004010012,其他支出,20121000.0
307,01378.HK,01378,中国宏桥,10174782,2012-12-31 00:00:00,001,12-31,2012-01-01 00:00:00,004010999,经营溢利,8043284000.0
308,01378.HK,01378,中国宏桥,10174782,2012-12-31 00:00:00,001,12-31,2012-01-01 00:00:00,004011201,融资成本,642731000.0
309,01378.HK,01378,中国宏桥,10174782,2012-12-31 00:00:00,001,12-31,2012-01-01 00:00:00,004011999,除税前溢利,7400553000.0
310,01378.HK,01378,中国宏桥,10174782,2012-12-31 00:00:00,001,12-31,2012-01-01 00:00:00,004012001,税项,1947961000.0
311,01378.HK,01378,中国宏桥,10174782,2012-12-31 00:00:00,001,12-31,2012-01-01 00:00:00,004012999,除税后溢利,5452592000.0
312,01378.HK,01378,中国宏桥,10174782,2012-12-31 00:00:00,001,12-31,2012-01-01 00:00:00,004025002,股东应占溢利,5452592000.0
313,01378.HK,01378,中国宏桥,10174782,2012-12-31 00:00:00,001,12-31,2012-01-01 00:00:00,004027002,每股基本盈利,0.93
314,01378.HK,01378,中国宏桥,10174782,2012-12-31 00:00:00,001,12-31,2012-01-01 00:00:00,004027003,每股摊薄盈利,0.92
315,01378.HK,01378,中国宏桥,10174782,2012-12-31 00:00:00,001,12-31,2012-01-01 00:00:00,004039999,全面收益总额,5452592000.0
316,01378.HK,01378,中国宏桥,10174782,2012-12-31 00:00:00,001,12-31,2012-01-01 00:00:00,004040002,本公司拥有人应占全面收益总额,5452592000.0
317,01378.HK,01378,中国宏桥,10174782,2011-12-31 00:00:00,001,12-31,2011-01-01 00:00:00,004001001,营业额,23626031000.0
318,01378.HK,01378,中国宏桥,10174782,2011-12-31 00:00:00,001,12-31,2011-01-01 00:00:00,004001999,营运收入,23626031000.0
319,01378.HK,01378,中国宏桥,10174782,2011-12-31 00:00:00,001,12-31,2011-01-01 00:00:00,004005002,销售成本,15449645000.0
320,01378.HK,01378,中国宏桥,10174782,2011-12-31 00:00:00,001,12-31,2011-01-01 00:00:00,004007999,毛利,8176386000.0
321,01378.HK,01378,中国宏桥,10174782,2011-12-31 00:00:00,001,12-31,2011-01-01 00:00:00,004010001,其他收入,311960000.0
322,01378.HK,01378,中国宏桥,10174782,2011-12-31 00:00:00,001,12-31,2011-01-01 00:00:00,004010003,销售及分销费用,44054000.0
323,01378.HK,01378,中国宏桥,10174782,2011-12-31 00:00:00,001,12-31,2011-01-01 00:00:00,004010004,行政开支,167033000.0
324,01378.HK,01378,中国宏桥,10174782,2011-12-31 00:00:00,001,12-31,2011-01-01 00:00:00,004010012,其他支出,22569000.0
325,01378.HK,01378,中国宏桥,10174782,2011-12-31 00:00:00,001,12-31,2011-01-01 00:00:00,004010999,经营溢利,8254690000.0
326,01378.HK,01378,中国宏桥,10174782,2011-12-31 00:00:00,001,12-31,2011-01-01 00:00:00,004011201,融资成本,300819000.0
327,01378.HK,01378,中国宏桥,10174782,2011-12-31 00:00:00,001,12-31,2011-01-01 00:00:00,004011999,除税前溢利,7953871000.0
328,01378.HK,01378,中国宏桥,10174782,2011-12-31 00:00:00,001,12-31,2011-01-01 00:00:00,004012001,税项,2078461000.0
329,01378.HK,01378,中国宏桥,10174782,2011-12-31 00:00:00,001,12-31,2011-01-01 00:00:00,004012999,除税后溢利,5875410000.0
330,01378.HK,01378,中国宏桥,10174782,2011-12-31 00:00:00,001,12-31,2011-01-01 00:00:00,004025002,股东应占溢利,5875410000.0
331,01378.HK,01378,中国宏桥,10174782,2011-12-31 00:00:00,001,12-31,2011-01-01 00:00:00,004027002,每股基本盈利,1.03
332,01378.HK,01378,中国宏桥,10174782,2011-12-31 00:00:00,001,12-31,2011-01-01 00:00:00,004039999,全面收益总额,5875410000.0
333,01378.HK,01378,中国宏桥,10174782,2011-12-31 00:00:00,001,12-31,2011-01-01 00:00:00,004040002,本公司拥有人应占全面收益总额,5875410000.0
334,01378.HK,01378,中国宏桥,10174782,2010-12-31 00:00:00,001,12-31,2010-01-01 00:00:00,004001001,营业额,15131591000.0
335,01378.HK,01378,中国宏桥,10174782,2010-12-31 00:00:00,001,12-31,2010-01-01 00:00:00,004001999,营运收入,15131591000.0
336,01378.HK,01378,中国宏桥,10174782,2010-12-31 00:00:00,001,12-31,2010-01-01 00:00:00,004005002,销售成本,9389722000.0
337,01378.HK,01378,中国宏桥,10174782,2010-12-31 00:00:00,001,12-31,2010-01-01 00:00:00,004007999,毛利,5741869000.0
338,01378.HK,01378,中国宏桥,10174782,2010-12-31 00:00:00,001,12-31,2010-01-01 00:00:00,004010001,其他收入,210535000.0
339,01378.HK,01378,中国宏桥,10174782,2010-12-31 00:00:00,001,12-31,2010-01-01 00:00:00,004010003,销售及分销费用,19977000.0
340,01378.HK,01378,中国宏桥,10174782,2010-12-31 00:00:00,001,12-31,2010-01-01 00:00:00,004010004,行政开支,112038000.0
341,01378.HK,01378,中国宏桥,10174782,2010-12-31 00:00:00,001,12-31,2010-01-01 00:00:00,004010012,其他支出,42815000.0
342,01378.HK,01378,中国宏桥,10174782,2010-12-31 00:00:00,001,12-31,2010-01-01 00:00:00,004010999,经营溢利,5777574000.0
343,01378.HK,01378,中国宏桥,10174782,2010-12-31 00:00:00,001,12-31,2010-01-01 00:00:00,004011201,融资成本,192990000.0
344,01378.HK,01378,中国宏桥,10174782,2010-12-31 00:00:00,001,12-31,2010-01-01 00:00:00,004011999,除税前溢利,5584584000.0
345,01378.HK,01378,中国宏桥,10174782,2010-12-31 00:00:00,001,12-31,2010-01-01 00:00:00,004012001,税项,1395868000.0
346,01378.HK,01378,中国宏桥,10174782,2010-12-31 00:00:00,001,12-31,2010-01-01 00:00:00,004012002,持续经营业务税后利润,4188716000.0
347,01378.HK,01378,中国宏桥,10174782,2010-12-31 00:00:00,001,12-31,2010-01-01 00:00:00,004012003,终止或非持续业务溢利,31515000.0
348,01378.HK,01378,中国宏桥,10174782,2010-12-31 00:00:00,001,12-31,2010-01-01 00:00:00,004012999,除税后溢利,4220231000.0
349,01378.HK,01378,中国宏桥,10174782,2010-12-31 00:00:00,001,12-31,2010-01-01 00:00:00,004025001,少数股东损益,24493000.0
350,01378.HK,01378,中国宏桥,10174782,2010-12-31 00:00:00,001,12-31,2010-01-01 00:00:00,004025002,股东应占溢利,4195738000.0
351,01378.HK,01378,中国宏桥,10174782,2010-12-31 00:00:00,001,12-31,2010-01-01 00:00:00,004027002,每股基本盈利,0.84
352,01378.HK,01378,中国宏桥,10174782,2010-12-31 00:00:00,001,12-31,2010-01-01 00:00:00,004039999,全面收益总额,4220231000.0
353,01378.HK,01378,中国宏桥,10174782,2010-12-31 00:00:00,001,12-31,2010-01-01 00:00:00,004099999,非运算项目,4220231000.0
354,01378.HK,01378,中国宏桥,10174782,2009-12-31 00:00:00,001,12-31,2009-01-01 00:00:00,004001001,营业额,8668428000.0
355,01378.HK,01378,中国宏桥,10174782,2009-12-31 00:00:00,001,12-31,2009-01-01 00:00:00,004001999,营运收入,8668428000.0
356,01378.HK,01378,中国宏桥,10174782,2009-12-31 00:00:00,001,12-31,2009-01-01 00:00:00,004005002,销售成本,7769098000.0
357,01378.HK,01378,中国宏桥,10174782,2009-12-31 00:00:00,001,12-31,2009-01-01 00:00:00,004007999,毛利,899330000.0
358,01378.HK,01378,中国宏桥,10174782,2009-12-31 00:00:00,001,12-31,2009-01-01 00:00:00,004010001,其他收入,97216000.0
359,01378.HK,01378,中国宏桥,10174782,2009-12-31 00:00:00,001,12-31,2009-01-01 00:00:00,004010003,销售及分销费用,40961000.0
360,01378.HK,01378,中国宏桥,10174782,2009-12-31 00:00:00,001,12-31,2009-01-01 00:00:00,004010004,行政开支,92335000.0
361,01378.HK,01378,中国宏桥,10174782,2009-12-31 00:00:00,001,12-31,2009-01-01 00:00:00,004010999,经营溢利,863250000.0
362,01378.HK,01378,中国宏桥,10174782,2009-12-31 00:00:00,001,12-31,2009-01-01 00:00:00,004011201,融资成本,89243000.0
363,01378.HK,01378,中国宏桥,10174782,2009-12-31 00:00:00,001,12-31,2009-01-01 00:00:00,004011999,除税前溢利,774007000.0
364,01378.HK,01378,中国宏桥,10174782,2009-12-31 00:00:00,001,12-31,2009-01-01 00:00:00,004012001,税项,196924000.0
365,01378.HK,01378,中国宏桥,10174782,2009-12-31 00:00:00,001,12-31,2009-01-01 00:00:00,004012002,持续经营业务税后利润,577083000.0
366,01378.HK,01378,中国宏桥,10174782,2009-12-31 00:00:00,001,12-31,2009-01-01 00:00:00,004012003,终止或非持续业务溢利,-9441000.0
367,01378.HK,01378,中国宏桥,10174782,2009-12-31 00:00:00,001,12-31,2009-01-01 00:00:00,004012999,除税后溢利,567642000.0
368,01378.HK,01378,中国宏桥,10174782,2009-12-31 00:00:00,001,12-31,2009-01-01 00:00:00,004025001,少数股东损益,11353000.0
369,01378.HK,01378,中国宏桥,10174782,2009-12-31 00:00:00,001,12-31,2009-01-01 00:00:00,004025002,股东应占溢利,556289000.0
370,01378.HK,01378,中国宏桥,10174782,2009-12-31 00:00:00,001,12-31,2009-01-01 00:00:00,004027002,每股基本盈利,0.11
371,01378.HK,01378,中国宏桥,10174782,2009-12-31 00:00:00,001,12-31,2009-01-01 00:00:00,004099999,非运算项目,0.11
372,01378.HK,01378,中国宏桥,10174782,2008-12-31 00:00:00,001,12-31,2008-01-01 00:00:00,004001001,营业额,8772162000.0
373,01378.HK,01378,中国宏桥,10174782,2008-12-31 00:00:00,001,12-31,2008-01-01 00:00:00,004001999,营运收入,8772162000.0
374,01378.HK,01378,中国宏桥,10174782,2008-12-31 00:00:00,001,12-31,2008-01-01 00:00:00,004005002,销售成本,8238706000.0
375,01378.HK,01378,中国宏桥,10174782,2008-12-31 00:00:00,001,12-31,2008-01-01 00:00:00,004007999,毛利,533456000.0
376,01378.HK,01378,中国宏桥,10174782,2008-12-31 00:00:00,001,12-31,2008-01-01 00:00:00,004010001,其他收入,178649000.0
377,01378.HK,01378,中国宏桥,10174782,2008-12-31 00:00:00,001,12-31,2008-01-01 00:00:00,004010003,销售及分销费用,52849000.0
378,01378.HK,01378,中国宏桥,10174782,2008-12-31 00:00:00,001,12-31,2008-01-01 00:00:00,004010004,行政开支,83734000.0
379,01378.HK,01378,中国宏桥,10174782,2008-12-31 00:00:00,001,12-31,2008-01-01 00:00:00,004010999,经营溢利,575522000.0
380,01378.HK,01378,中国宏桥,10174782,2008-12-31 00:00:00,001,12-31,2008-01-01 00:00:00,004011201,融资成本,193018000.0
381,01378.HK,01378,中国宏桥,10174782,2008-12-31 00:00:00,001,12-31,2008-01-01 00:00:00,004011999,除税前溢利,382504000.0
382,01378.HK,01378,中国宏桥,10174782,2008-12-31 00:00:00,001,12-31,2008-01-01 00:00:00,004012001,税项,98921000.0
383,01378.HK,01378,中国宏桥,10174782,2008-12-31 00:00:00,001,12-31,2008-01-01 00:00:00,004012002,持续经营业务税后利润,283583000.0
384,01378.HK,01378,中国宏桥,10174782,2008-12-31 00:00:00,001,12-31,2008-01-01 00:00:00,004012003,终止或非持续业务溢利,145291000.0
385,01378.HK,01378,中国宏桥,10174782,2008-12-31 00:00:00,001,12-31,2008-01-01 00:00:00,004012999,除税后溢利,428874000.0
386,01378.HK,01378,中国宏桥,10174782,2008-12-31 00:00:00,001,12-31,2008-01-01 00:00:00,004025001,少数股东损益,8577000.0
387,01378.HK,01378,中国宏桥,10174782,2008-12-31 00:00:00,001,12-31,2008-01-01 00:00:00,004025002,股东应占溢利,420297000.0
388,01378.HK,01378,中国宏桥,10174782,2008-12-31 00:00:00,001,12-31,2008-01-01 00:00:00,004027002,每股基本盈利,0.08
389,01378.HK,01378,中国宏桥,10174782,2008-12-31 00:00:00,001,12-31,2008-01-01 00:00:00,004099999,非运算项目,0.08
390,01378.HK,01378,中国宏桥,10174782,2007-12-31 00:00:00,001,12-31,2007-01-01 00:00:00,004001001,营业额,4508281000.0
391,01378.HK,01378,中国宏桥,10174782,2007-12-31 00:00:00,001,12-31,2007-01-01 00:00:00,004001999,营运收入,4508281000.0
392,01378.HK,01378,中国宏桥,10174782,2007-12-31 00:00:00,001,12-31,2007-01-01 00:00:00,004005002,销售成本,3117879000.0
393,01378.HK,01378,中国宏桥,10174782,2007-12-31 00:00:00,001,12-31,2007-01-01 00:00:00,004007999,毛利,1390402000.0
394,01378.HK,01378,中国宏桥,10174782,2007-12-31 00:00:00,001,12-31,2007-01-01 00:00:00,004010001,其他收入,75306000.0
395,01378.HK,01378,中国宏桥,10174782,2007-12-31 00:00:00,001,12-31,2007-01-01 00:00:00,004010003,销售及分销费用,10911000.0
396,01378.HK,01378,中国宏桥,10174782,2007-12-31 00:00:00,001,12-31,2007-01-01 00:00:00,004010004,行政开支,42070000.0
397,01378.HK,01378,中国宏桥,10174782,2007-12-31 00:00:00,001,12-31,2007-01-01 00:00:00,004010999,经营溢利,1412727000.0
398,01378.HK,01378,中国宏桥,10174782,2007-12-31 00:00:00,001,12-31,2007-01-01 00:00:00,004011201,融资成本,55970000.0
399,01378.HK,01378,中国宏桥,10174782,2007-12-31 00:00:00,001,12-31,2007-01-01 00:00:00,004011999,除税前溢利,1356757000.0
400,01378.HK,01378,中国宏桥,10174782,2007-12-31 00:00:00,001,12-31,2007-01-01 00:00:00,004012001,税项,452855000.0
401,01378.HK,01378,中国宏桥,10174782,2007-12-31 00:00:00,001,12-31,2007-01-01 00:00:00,004012002,持续经营业务税后利润,903902000.0
402,01378.HK,01378,中国宏桥,10174782,2007-12-31 00:00:00,001,12-31,2007-01-01 00:00:00,004012003,终止或非持续业务溢利,425398000.0
403,01378.HK,01378,中国宏桥,10174782,2007-12-31 00:00:00,001,12-31,2007-01-01 00:00:00,004012999,除税后溢利,1329300000.0
404,01378.HK,01378,中国宏桥,10174782,2007-12-31 00:00:00,001,12-31,2007-01-01 00:00:00,004025001,少数股东损益,26586000.0
405,01378.HK,01378,中国宏桥,10174782,2007-12-31 00:00:00,001,12-31,2007-01-01 00:00:00,004025002,股东应占溢利,1302714000.0
406,01378.HK,01378,中国宏桥,10174782,2007-12-31 00:00:00,001,12-31,2007-01-01 00:00:00,004027002,每股基本盈利,0.26
407,01378.HK,01378,中国宏桥,10174782,2007-12-31 00:00:00,001,12-31,2007-01-01 00:00:00,004099999,非运算项目,0.26
